﻿Designator,Footprint,Quantity,Value,LCSC Part #
"D1, D10, D11, D12, D13, D14, D15, D16, D17, D18, D19, D2, D3, D4, D40, D5, D6, D7, D8, D9",SOT-23,20,BAV70_Small,
J1,PinHeader_1x02_P2.54mm_Vertical,1,Conn_01x02_Pin,
"MX1, MX10, MX13, MX14, MX15, MX16, MX17, MX18, MX19, MX2, MX20, MX21, MX23, MX24, MX25, MX26, MX27, MX28, MX29, MX3, MX30, MX32, MX33, MX34, MX35, MX36, MX37, MX38, MX39, MX4, MX40, MX41, MX42, MX43, MX5, MX6, MX7, MX8, MX9",SW_MX_1u,39,MX_SW_solder,
MX11,SW_MX_1.5u,1,MX_SW_solder,
MX12,SW_MX_1.25u,1,MX_SW_solder,
"MX22, MX31",SW_MX_1.75u,2,MX_SW_solder,
S1,STAB_MX_2.25u,1,MX_stab,
"S2, S3",STAB_MX_3u,2,MX_stab,
"S4, S5",STAB_MX_2u,2,MX_stab,
S6,STAB_MX_P_6u,1,MX_stab,
S7,STAB_MX_P_10u,1,MX_stab,
S8,STAB_MX_2.75u,1,MX_stab,
U1,Miao,1,~,
